distance_raw_m,distance_medema_m,distance_gated_m,t_rel_s,dt_s,fps,host_ts
161.7,183.046,160.569,318.145,1.34,0.75,2025-12-09 11:53:13
194.3,180.861,160.569,318.747,0.602,1.66,2025-12-09 11:53:14
194.6,178.945,160.569,320.088,1.341,0.75,2025-12-09 11:53:15
195.6,180.481,160.569,321.373,1.285,0.78,2025-12-09 11:53:17
160.0,181.863,160.582,324.841,3.468,0.78,2025-12-09 11:53:20
159.9,183.106,160.564,325.237,0.396,2.53,2025-12-09 11:53:21
160.0,180.796,160.508,325.633,0.396,2.53,2025-12-09 11:53:21
159.9,178.716,160.457,326.024,0.391,2.56,2025-12-09 11:53:21
159.9,176.835,160.401,326.416,0.392,2.55,2025-12-09 11:53:22
160.9,175.141,160.351,327.757,1.341,0.75,2025-12-09 11:53:23
160.0,173.627,160.316,328.122,0.365,2.74,2025-12-09 11:53:23
160.0,172.264,160.284,328.513,0.391,2.56,2025-12-09 11:53:24
160.0,171.038,160.256,328.904,0.391,2.56,2025-12-09 11:53:24
159.9,169.934,160.23,329.3,0.396,2.53,2025-12-09 11:53:25
160.0,168.941,160.207,329.693,0.393,2.54,2025-12-09 11:53:25
161.0,168.047,160.187,331.034,1.341,0.75,2025-12-09 11:53:26
159.9,167.242,160.168,331.418,0.384,2.6,2025-12-09 11:53:27
160.0,166.518,160.151,331.817,0.399,2.51,2025-12-09 11:53:27
161.0,165.866,160.136,333.158,1.341,0.75,2025-12-09 11:53:28
159.8,165.279,160.122,334.846,1.688,0.59,2025-12-09 11:53:30
159.8,164.741,160.1,335.238,0.392,2.55,2025-12-09 11:53:31
159.7,164.247,160.07,335.634,0.396,2.52,2025-12-09 11:53:31
159.9,163.803,160.043,336.484,0.85,1.18,2025-12-09 11:53:32
159.9,163.402,160.019,336.874,0.39,2.56,2025-12-09 11:53:32
160.0,163.052,160.007,337.266,0.392,2.55,2025-12-09 11:53:33
159.8,162.737,159.996,337.659,0.393,2.54,2025-12-09 11:53:33
160.0,162.453,159.987,338.057,0.398,2.51,2025-12-09 11:53:33
159.9,162.198,159.978,338.448,0.391,2.56,2025-12-09 11:53:34
159.9,161.968,159.97,338.845,0.397,2.52,2025-12-09 11:53:34
159.8,161.761,159.963,339.246,0.401,2.49,2025-12-09 11:53:35
159.9,161.575,159.957,339.64,0.394,2.54,2025-12-09 11:53:35
159.9,161.408,159.951,340.033,0.393,2.54,2025-12-09 11:53:35
159.9,161.257,159.946,340.431,0.398,2.51,2025-12-09 11:53:36
159.8,161.121,159.941,340.825,0.394,2.54,2025-12-09 11:53:36
159.8,160.999,159.937,341.673,0.848,1.18,2025-12-09 11:53:37
159.8,160.879,159.924,342.067,0.394,2.54,2025-12-09 11:53:37
159.8,160.771,159.911,342.456,0.389,2.57,2025-12-09 11:53:38
159.8,160.674,159.9,342.849,0.393,2.54,2025-12-09 11:53:38
159.9,160.587,159.89,343.238,0.389,2.57,2025-12-09 11:53:39
159.9,160.508,159.881,343.625,0.387,2.58,2025-12-09 11:53:39
159.9,160.447,159.883,344.016,0.391,2.56,2025-12-09 11:53:39
159.8,160.392,159.885,344.406,0.39,2.56,2025-12-09 11:53:40
159.9,160.343,159.886,344.803,0.397,2.52,2025-12-09 11:53:40
159.8,160.299,159.888,345.194,0.391,2.56,2025-12-09 11:53:41
159.9,160.259,159.889,345.587,0.393,2.54,2025-12-09 11:53:41
159.9,160.223,159.89,345.98,0.393,2.54,2025-12-09 11:53:41
159.9,160.191,159.891,346.378,0.398,2.51,2025-12-09 11:53:42
159.9,160.162,159.892,347.224,0.846,1.18,2025-12-09 11:53:43
159.9,160.136,159.893,347.611,0.387,2.58,2025-12-09 11:53:43
159.9,160.112,159.893,348.004,0.393,2.54,2025-12-09 11:53:43
159.8,160.091,159.894,348.4,0.396,2.53,2025-12-09 11:53:44
159.9,160.072,159.895,348.789,0.389,2.57,2025-12-09 11:53:44
159.9,160.055,159.895,349.184,0.395,2.53,2025-12-09 11:53:45
159.8,160.039,159.896,349.573,0.389,2.57,2025-12-09 11:53:45
159.8,160.015,159.886,349.968,0.395,2.53,2025-12-09 11:53:45
159.8,159.994,159.877,350.36,0.392,2.55,2025-12-09 11:53:46
159.9,159.974,159.87,350.756,0.396,2.53,2025-12-09 11:53:46
159.9,159.957,159.863,351.149,0.393,2.54,2025-12-09 11:53:46
160.0,159.951,159.866,351.546,0.397,2.52,2025-12-09 11:53:47
159.8,159.946,159.87,351.94,0.394,2.54,2025-12-09 11:53:47
159.9,159.941,159.873,352.783,0.843,1.19,2025-12-09 11:53:48
159.7,159.937,159.876,353.176,0.393,2.54,2025-12-09 11:53:49
159.8,159.924,159.868,353.568,0.392,2.55,2025-12-09 11:53:49
159.7,159.911,159.861,353.96,0.392,2.55,2025-12-09 11:53:49
159.9,159.9,159.855,354.353,0.393,2.54,2025-12-09 11:53:50
159.8,159.89,159.85,354.743,0.39,2.56,2025-12-09 11:53:50
160.1,159.881,159.845,355.14,0.397,2.52,2025-12-09 11:53:50
159.9,159.883,159.85,355.538,0.398,2.51,2025-12-09 11:53:51
160.9,159.885,159.855,356.935,1.397,0.72,2025-12-09 11:53:52
157.0,159.886,159.86,367.154,10.219,0.72,2025-12-09 11:54:02
158.0,159.888,159.864,368.495,1.341,0.75,2025-12-09 11:54:04
156.6,159.699,159.677,368.871,0.376,2.66,2025-12-09 11:54:04
156.8,159.429,159.41,369.273,0.402,2.49,2025-12-09 11:54:05
157.8,159.186,159.169,370.614,1.341,0.75,2025-12-09 11:54:06
192.0,159.047,159.169,380.814,10.2,0.75,2025-12-09 11:54:16
190.9,158.923,159.169,381.204,0.39,2.56,2025-12-09 11:54:16
190.1,162.04,159.169,381.6,0.396,2.53,2025-12-09 11:54:17
190.1,164.846,159.169,382.0,0.4,2.5,2025-12-09 11:54:17
189.8,167.372,189.8,382.396,0.396,2.53,2025-12-09 11:54:18
190.1,169.645,189.8,382.786,0.39,2.56,2025-12-09 11:54:18
190.2,171.69,189.8,383.186,0.4,2.49,2025-12-09 11:54:18
187.5,173.531,189.8,383.58,0.394,2.54,2025-12-09 11:54:19
185.7,175.158,189.8,383.977,0.397,2.52,2025-12-09 11:54:19
183.6,176.392,189.57,384.828,0.851,1.17,2025-12-09 11:54:20
189.8,177.503,189.363,385.223,0.395,2.54,2025-12-09 11:54:21
189.9,178.503,189.177,385.62,0.397,2.52,2025-12-09 11:54:21
189.7,179.622,189.229,386.021,0.401,2.49,2025-12-09 11:54:21
156.7,180.63,189.229,386.412,0.391,2.56,2025-12-09 11:54:22
156.5,181.537,189.229,386.802,0.39,2.56,2025-12-09 11:54:22
156.6,179.053,189.229,387.19,0.388,2.58,2025-12-09 11:54:22
156.6,176.808,189.229,387.581,0.391,2.56,2025-12-09 11:54:23
156.4,174.787,156.4,387.971,0.39,2.56,2025-12-09 11:54:23
156.4,172.959,156.4,388.365,0.394,2.54,2025-12-09 11:54:24
157.4,171.323,156.4,389.705,1.34,0.75,2025-12-09 11:54:25
190.1,169.85,156.4,392.679,2.974,0.75,2025-12-09 11:54:28
190.5,168.605,156.4,393.532,0.853,1.17,2025-12-09 11:54:29
190.3,170.755,156.4,393.926,0.394,2.54,2025-12-09 11:54:29
191.3,172.709,156.4,395.266,1.34,0.75,2025-12-09 11:54:31
186.4,174.468,186.4,395.8,0.534,1.87,2025-12-09 11:54:31
186.6,176.052,186.4,396.195,0.395,2.53,2025-12-09 11:54:32
186.8,177.126,186.4,396.597,0.402,2.49,2025-12-09 11:54:32
187.9,178.094,186.42,396.998,0.401,2.49,2025-12-09 11:54:32
187.5,178.964,186.458,397.389,0.391,2.56,2025-12-09 11:54:33
187.1,179.778,186.522,397.778,0.389,2.57,2025-12-09 11:54:33
189.6,180.55,186.62,398.179,0.401,2.49,2025-12-09 11:54:33
189.5,181.285,186.748,398.579,0.4,2.5,2025-12-09 11:54:34
188.5,182.007,186.923,400.744,2.165,2.5,2025-12-09 11:54:36
189.0,182.706,187.131,401.141,0.397,2.52,2025-12-09 11:54:36
189.6,183.385,187.368,401.539,0.398,2.51,2025-12-09 11:54:37
190.6,183.997,187.581,402.879,1.34,0.75,2025-12-09 11:54:38
156.5,184.497,187.581,404.547,1.668,0.6,2025-12-09 11:54:40
156.6,184.947,187.581,404.937,0.39,2.56,2025-12-09 11:54:40
156.0,182.113,187.581,405.782,0.845,1.18,2025-12-09 11:54:41
156.1,179.551,187.581,406.172,0.39,2.56,2025-12-09 11:54:41
156.5,177.246,156.5,406.571,0.399,2.51,2025-12-09 11:54:42
155.7,175.132,156.5,406.965,0.394,2.54,2025-12-09 11:54:42
156.2,173.228,156.5,407.357,0.392,2.55,2025-12-09 11:54:43
156.1,171.516,156.47,407.752,0.395,2.53,2025-12-09 11:54:43
155.8,169.974,156.433,408.145,0.393,2.55,2025-12-09 11:54:43
155.9,168.567,156.38,408.542,0.397,2.52,2025-12-09 11:54:44
156.5,167.32,156.352,408.937,0.395,2.53,2025-12-09 11:54:44
156.1,166.198,156.327,409.333,0.396,2.53,2025-12-09 11:54:45
156.3,165.188,156.304,409.731,0.398,2.51,2025-12-09 11:54:45
156.3,164.299,156.303,410.126,0.395,2.53,2025-12-09 11:54:45
156.3,163.499,156.303,410.972,0.846,1.18,2025-12-09 11:54:46
156.7,162.779,156.303,411.365,0.393,2.54,2025-12-09 11:54:47
156.4,162.132,156.303,411.758,0.393,2.54,2025-12-09 11:54:47
156.4,161.558,156.312,412.147,0.389,2.57,2025-12-09 11:54:47
156.5,161.043,156.321,412.536,0.389,2.57,2025-12-09 11:54:48
156.0,160.578,156.329,412.928,0.392,2.55,2025-12-09 11:54:48
156.6,160.16,156.336,413.318,0.39,2.56,2025-12-09 11:54:49
156.6,159.794,156.352,413.715,0.397,2.52,2025-12-09 11:54:49
156.4,159.465,156.367,414.113,0.398,2.51,2025-12-09 11:54:49
156.5,159.168,156.38,414.502,0.389,2.57,2025-12-09 11:54:50
156.2,158.902,156.392,414.896,0.394,2.54,2025-12-09 11:54:50
156.1,158.651,156.393,415.287,0.391,2.56,2025-12-09 11:54:51
156.7,158.426,156.394,416.13,0.843,1.19,2025-12-09 11:54:51
156.6,158.234,156.404,416.533,0.403,2.48,2025-12-09 11:54:52
156.5,158.06,156.414,416.921,0.388,2.58,2025-12-09 11:54:52
156.8,157.914,156.433,417.319,0.398,2.51,2025-12-09 11:54:53
157.8,157.793,156.459,418.66,1.341,0.75,2025-12-09 11:54:54
190.1,157.694,156.459,427.584,8.924,0.75,2025-12-09 11:55:03
190.6,157.704,156.459,427.938,0.354,2.82,2025-12-09 11:55:03
190.4,160.944,156.459,428.335,0.397,2.52,2025-12-09 11:55:04
190.9,163.889,156.459,428.729,0.394,2.54,2025-12-09 11:55:04
189.2,166.54,189.2,429.13,0.401,2.49,2025-12-09 11:55:04
188.9,168.926,189.2,429.521,0.391,2.56,2025-12-09 11:55:05
