boot_id,msg_seq,dev_ts_ms,host_ts,mode,raw_m,est_m,fps,meas_status,track_state,has_estimate,consecutive_valids,consecutive_invalids,last_good_ts_ms,restart_count,system_error,rate_mps,predicted_m,residual_m,rejected_by_gate,reject_reason,test_id
2119251143,407,164062,2026-04-23T13:47:29.412,0,531.6,531.637,2.54,0,2,1,321,0,164062,0,0,,,,0,0,0
2119251143,408,164456,2026-04-23T13:47:29.802,0,531.8,531.628,2.53,0,2,1,322,0,164456,0,0,,,,0,0,0
2119251143,409,164850,2026-04-23T13:47:30.200,0,532.0,531.621,2.54,0,2,1,323,0,164850,0,0,,,,0,0,0
2119251143,410,165245,2026-04-23T13:47:30.592,0,531.5,531.616,2.54,0,2,1,324,0,165245,0,0,,,,0,0,0
2119251143,411,165662,2026-04-23T13:47:31.012,0,531.6,531.612,2.39,0,2,1,325,0,165662,0,0,,,,0,0,0
2119251143,412,166057,2026-04-23T13:47:31.411,0,532.0,531.659,2.53,0,2,1,326,0,166057,0,0,,,,0,0,0
2119251143,413,167067,2026-04-23T13:47:32.441,0,,531.659,2.53,1,2,1,0,1,166057,0,0,,,,0,0,0
2119251143,414,167212,2026-04-23T13:47:32.565,0,,531.659,2.53,1,2,1,0,2,166057,0,0,,,,0,0,0
2119251143,415,167357,2026-04-23T13:47:32.721,0,533.0,531.744,0.77,0,1,1,1,0,167357,0,0,,,,0,0,0
2119251143,416,168358,2026-04-23T13:47:33.718,0,,531.744,0.77,1,1,1,0,1,167357,0,0,,,,0,0,0
2119251143,417,168498,2026-04-23T13:47:33.881,0,,531.744,0.77,1,1,1,0,2,167357,0,0,,,,0,0,0
2119251143,418,168636,2026-04-23T13:47:34.001,0,,531.744,0.77,1,1,1,0,3,167357,0,0,,,,0,0,0
2119251143,419,168776,2026-04-23T13:47:34.135,0,,531.744,0.77,1,1,1,0,4,167357,0,0,,,,0,0,0
2119251143,420,168918,2026-04-23T13:47:34.279,0,,531.744,0.0,4,3,1,0,5,167357,0,0,,,,0,3,0
2119251143,421,169919,2026-04-23T13:47:35.273,0,,531.744,0.0,1,3,1,0,6,167357,0,0,,,,0,3,0
2119251143,422,170059,2026-04-23T13:47:35.411,0,522.1,531.708,0.77,0,1,1,1,0,170059,0,0,,,,0,0,0
2119251143,423,170446,2026-04-23T13:47:35.795,0,522.6,531.681,2.58,0,2,1,2,0,170446,0,0,,,,0,0,0
2119251143,424,170839,2026-04-23T13:47:36.183,0,521.9,529.411,2.55,0,2,1,3,0,170839,0,0,,,,0,0,0
2119251143,425,171233,2026-04-23T13:47:36.578,0,524.5,527.708,2.54,0,2,1,4,0,171233,0,0,,,,0,0,0
2119251143,426,171627,2026-04-23T13:47:36.974,0,523.3,526.431,2.53,0,2,1,5,0,171627,0,0,,,,0,0,0
2119251143,427,172263,2026-04-23T13:47:37.614,0,521.6,525.473,1.57,0,2,1,6,0,172263,0,0,,,,0,0,0
2119251143,428,172437,2026-04-23T13:47:37.792,0,,525.473,0.0,4,2,1,0,1,172263,0,0,,,,0,3,0
2119251143,429,172580,2026-04-23T13:47:37.935,0,,525.473,0.0,4,2,1,0,2,172263,0,0,,,,0,3,0
2119251143,430,172724,2026-04-23T13:47:38.078,0,,525.473,0.0,4,2,1,0,3,172263,0,0,,,,0,3,0
2119251143,431,172869,2026-04-23T13:47:38.226,0,,525.473,0.0,4,2,1,0,4,172263,0,0,,,,0,3,0
2119251143,432,173012,2026-04-23T13:47:38.366,0,33.3,525.473,1.34,0,1,1,1,0,173012,0,0,,,,0,0,0
2119251143,433,173146,2026-04-23T13:47:38.487,0,7.2,525.473,7.46,0,2,1,2,0,173146,0,0,,,,0,0,0
2119251143,434,173274,2026-04-23T13:47:38.620,0,7.2,525.473,7.75,0,2,1,3,0,173274,0,0,,,,0,0,0
2119251143,435,173404,2026-04-23T13:47:38.754,0,7.2,525.473,7.69,0,2,1,4,0,173404,0,0,,,,0,0,0
2119251143,436,173536,2026-04-23T13:47:38.898,0,7.2,7.2,7.58,0,2,1,5,0,173536,0,0,,,,0,0,0
2119251143,437,173662,2026-04-23T13:47:39.003,0,7.2,7.2,8.0,0,2,1,6,0,173662,0,0,,,,0,0,0
2119251143,438,173790,2026-04-23T13:47:39.137,0,7.2,7.2,7.81,0,2,1,7,0,173790,0,0,,,,0,0,0
2119251143,439,173917,2026-04-23T13:47:39.262,0,7.2,7.2,7.81,0,2,1,8,0,173917,0,0,,,,0,0,0
2119251143,440,174046,2026-04-23T13:47:39.417,0,7.2,7.2,7.75,0,2,1,9,0,174046,0,0,,,,0,0,0
2119251143,441,174172,2026-04-23T13:47:39.517,0,7.2,7.2,8.0,0,2,1,10,0,174172,0,0,,,,0,0,0
2119251143,442,174300,2026-04-23T13:47:39.638,0,7.2,7.2,7.81,0,2,1,11,0,174300,0,0,,,,0,0,0
2119251143,443,174427,2026-04-23T13:47:39.772,0,7.2,7.2,7.81,0,2,1,12,0,174427,0,0,,,,0,0,0
2119251143,444,174555,2026-04-23T13:47:39.902,0,7.2,7.2,7.87,0,2,1,13,0,174555,0,0,,,,0,0,0
2119251143,445,174684,2026-04-23T13:47:40.027,0,7.2,7.2,7.75,0,2,1,14,0,174684,0,0,,,,0,0,0
2119251143,446,174811,2026-04-23T13:47:40.155,0,7.2,7.2,7.81,0,2,1,15,0,174811,0,0,,,,0,0,0
2119251143,447,174939,2026-04-23T13:47:40.284,0,7.2,7.2,7.81,0,2,1,16,0,174939,0,0,,,,0,0,0
2119251143,448,175068,2026-04-23T13:47:40.422,0,7.2,7.2,7.81,0,2,1,17,0,175068,0,0,,,,0,0,0
2119251143,449,175196,2026-04-23T13:47:40.537,0,7.2,7.2,7.75,0,2,1,18,0,175196,0,0,,,,0,0,0
2119251143,450,175324,2026-04-23T13:47:40.668,0,7.1,7.2,7.87,0,2,1,19,0,175324,0,0,,,,0,0,0
2119251143,451,175451,2026-04-23T13:47:40.798,0,7.2,7.2,7.81,0,2,1,20,0,175451,0,0,,,,0,0,0
2119251143,452,175579,2026-04-23T13:47:40.924,0,6.9,7.2,7.81,0,2,1,21,0,175579,0,0,,,,0,0,0
2119251143,453,175708,2026-04-23T13:47:41.057,0,28.3,7.2,7.81,0,2,1,22,0,175708,0,0,,,,0,0,0
2119251143,454,175833,2026-04-23T13:47:41.179,0,25.9,7.2,7.94,0,2,1,23,0,175833,0,0,,,,0,0,0
2119251143,455,175961,2026-04-23T13:47:41.315,0,,7.2,0.0,4,2,1,0,1,175833,0,0,,,,0,3,0
2119251143,456,176100,2026-04-23T13:47:41.770,0,,7.2,0.0,4,2,1,0,2,175833,0,0,,,,0,3,0
2119251143,457,176239,2026-04-23T13:47:41.770,0,,7.2,0.0,4,2,1,0,3,175833,0,0,,,,0,3,0
2119251143,458,176377,2026-04-23T13:47:41.770,0,521.5,7.2,1.84,0,1,1,1,0,176377,0,0,,,,0,0,0
2119251143,459,176570,2026-04-23T13:47:41.931,0,521.5,7.2,5.21,0,2,1,2,0,176570,0,0,,,,0,0,0
2119251143,460,176960,2026-04-23T13:47:42.304,0,521.3,521.3,2.56,0,2,1,3,0,176960,0,0,,,,0,0,0
2119251143,461,177354,2026-04-23T13:47:42.704,0,521.1,521.3,2.53,0,2,1,4,0,177354,0,0,,,,0,0,0
2119251143,462,177770,2026-04-23T13:47:43.117,0,521.2,521.3,2.4,0,2,1,5,0,177770,0,0,,,,0,0,0
2119251143,463,178779,2026-04-23T13:47:44.137,0,,521.3,2.4,1,2,1,0,1,177770,0,0,,,,0,0,0
2119251143,464,178923,2026-04-23T13:47:44.277,0,,521.3,2.4,1,2,1,0,2,177770,0,0,,,,0,0,0
2119251143,465,179068,2026-04-23T13:47:44.423,0,522.2,521.3,0.77,0,1,1,1,0,179068,0,0,,,,0,0,0
2119251143,466,179454,2026-04-23T13:47:44.801,0,7.1,521.3,2.59,0,2,1,2,0,179454,0,0,,,,0,0,0
2119251143,467,179582,2026-04-23T13:47:44.933,0,7.1,521.3,7.81,0,2,1,3,0,179582,0,0,,,,0,0,0
2119251143,468,179714,2026-04-23T13:47:45.068,0,7.1,521.3,7.63,0,2,1,4,0,179714,0,0,,,,0,0,0
2119251143,469,179844,2026-04-23T13:47:45.193,0,7.1,521.3,7.63,0,2,1,5,0,179844,0,0,,,,0,0,0
2119251143,470,179976,2026-04-23T13:47:45.325,0,7.1,7.1,7.63,0,2,1,6,0,179976,0,0,,,,0,0,0
2119251143,471,180105,2026-04-23T13:47:45.452,0,7.1,7.1,7.75,0,2,1,7,0,180105,0,0,,,,0,0,0
2119251143,472,180230,2026-04-23T13:47:45.577,0,7.1,7.1,7.94,0,2,1,8,0,180230,0,0,,,,0,0,0
2119251143,473,180358,2026-04-23T13:47:45.711,0,7.1,7.1,7.81,0,2,1,9,0,180358,0,0,,,,0,0,0
2119251143,474,180487,2026-04-23T13:47:45.875,0,7.1,7.1,7.75,0,2,1,10,0,180487,0,0,,,,0,0,0
2119251143,475,180612,2026-04-23T13:47:45.957,0,7.1,7.1,8.0,0,2,1,11,0,180612,0,0,,,,0,0,0
2119251143,476,180740,2026-04-23T13:47:46.089,0,7.1,7.1,7.81,0,2,1,12,0,180740,0,0,,,,0,0,0
2119251143,477,180866,2026-04-23T13:47:46.209,0,7.1,7.1,7.94,0,2,1,13,0,180866,0,0,,,,0,0,0
2119251143,478,180995,2026-04-23T13:47:46.350,0,7.1,7.1,7.81,0,2,1,14,0,180995,0,0,,,,0,0,0
2119251143,479,181124,2026-04-23T13:47:46.469,0,7.1,7.1,7.75,0,2,1,15,0,181124,0,0,,,,0,0,0
2119251143,480,181252,2026-04-23T13:47:46.602,0,7.1,7.1,7.81,0,2,1,16,0,181252,0,0,,,,0,0,0
2119251143,481,181379,2026-04-23T13:47:46.726,0,7.1,7.1,7.81,0,2,1,17,0,181379,0,0,,,,0,0,0
2119251143,482,181508,2026-04-23T13:47:46.857,0,7.1,7.1,7.75,0,2,1,18,0,181508,0,0,,,,0,0,0
2119251143,483,181637,2026-04-23T13:47:46.991,0,7.1,7.1,7.75,0,2,1,19,0,181637,0,0,,,,0,0,0
2119251143,484,181764,2026-04-23T13:47:47.109,0,7.1,7.1,7.87,0,2,1,20,0,181764,0,0,,,,0,0,0
2119251143,485,181892,2026-04-23T13:47:47.303,0,7.1,7.1,7.87,0,2,1,21,0,181892,0,0,,,,0,0,0
2119251143,486,182017,2026-04-23T13:47:47.359,0,7.1,7.1,7.94,0,2,1,22,0,182017,0,0,,,,0,0,0
2119251143,487,182143,2026-04-23T13:47:47.526,0,6.8,7.1,7.94,0,2,1,23,0,182143,0,0,,,,0,0,0
2119251143,488,182269,2026-04-23T13:47:47.620,0,5.8,7.1,8.0,0,2,1,24,0,182269,0,0,,,,0,0,0
2119251143,489,182396,2026-04-23T13:47:47.744,0,3.2,7.025,7.81,0,2,1,25,0,182396,0,0,,,,0,0,0
2119251143,490,182525,2026-04-23T13:47:47.884,0,,7.025,0.0,4,2,1,0,1,182396,0,0,,,,0,3,0
2119251143,491,182666,2026-04-23T13:47:48.013,0,,7.025,0.0,4,2,1,0,2,182396,0,0,,,,0,3,0
2119251143,492,182805,2026-04-23T13:47:48.158,0,,7.025,0.0,4,2,1,0,3,182396,0,0,,,,0,3,0
2119251143,493,182946,2026-04-23T13:47:48.297,0,,7.025,0.0,4,2,1,0,4,182396,0,0,,,,0,3,0
2119251143,494,183087,2026-04-23T13:47:48.442,0,,7.025,0.0,4,3,1,0,5,182396,0,0,,,,0,3,0
2119251143,495,183466,2026-04-23T13:47:48.816,0,,7.025,0.0,4,3,1,0,6,182396,0,0,,,,0,3,0
2119251143,496,184491,2026-04-23T13:47:49.841,0,,7.025,0.0,1,3,1,0,7,182396,0,0,,,,0,3,0
2119251143,497,184630,2026-04-23T13:47:49.973,0,521.7,7.025,7.81,0,1,1,1,0,184630,0,0,,,,0,0,0
2119251143,498,184928,2026-04-23T13:47:50.278,0,521.7,7.025,3.36,0,2,1,2,0,184928,0,0,,,,0,0,0
2119251143,499,185317,2026-04-23T13:47:50.675,0,521.1,7.025,2.58,0,2,1,3,0,185317,0,0,,,,0,0,0
2119251143,500,185709,2026-04-23T13:47:51.057,0,521.5,7.025,2.54,0,2,1,4,0,185709,0,0,,,,0,0,0
2119251143,501,186124,2026-04-23T13:47:51.471,0,521.5,521.5,2.42,0,2,1,5,0,186124,0,0,,,,0,0,0
2119251143,502,186519,2026-04-23T13:47:51.874,0,520.8,521.5,2.53,0,2,1,6,0,186519,0,0,,,,0,0,0
2119251143,503,186914,2026-04-23T13:47:52.262,0,521.1,521.5,2.53,0,2,1,7,0,186914,0,0,,,,0,0,0
2119251143,504,187308,2026-04-23T13:47:52.738,0,521.5,521.5,2.54,0,2,1,8,0,187308,0,0,,,,0,0,0
2119251143,505,187701,2026-04-23T13:47:53.051,0,522.1,521.5,2.55,0,2,1,9,0,187701,0,0,,,,0,0,0
2119251143,506,187875,2026-04-23T13:47:53.227,0,,521.5,0.0,4,2,1,0,1,187701,0,0,,,,0,3,0
2119251143,507,188019,2026-04-23T13:47:53.365,0,,521.5,0.0,4,2,1,0,2,187701,0,0,,,,0,3,0
2119251143,508,188162,2026-04-23T13:47:53.513,0,,521.5,0.0,4,2,1,0,3,187701,0,0,,,,0,3,0
2119251143,509,188306,2026-04-23T13:47:53.660,0,,521.5,0.0,4,2,1,0,4,187701,0,0,,,,0,3,0
2119251143,510,188448,2026-04-23T13:47:53.797,0,28.6,521.5,1.34,0,1,1,1,0,188448,0,0,,,,0,0,0
2119251143,511,188604,2026-04-23T13:47:53.951,0,32.9,521.5,6.41,0,2,1,2,0,188604,0,0,,,,0,0,0
2119251143,512,188734,2026-04-23T13:47:54.080,0,7.3,521.5,7.69,0,2,1,3,0,188734,0,0,,,,0,0,0
2119251143,513,188865,2026-04-23T13:47:54.209,0,7.2,521.5,7.69,0,2,1,4,0,188865,0,0,,,,0,0,0
2119251143,514,188996,2026-04-23T13:47:54.342,0,7.2,7.2,7.58,0,2,1,5,0,188996,0,0,,,,0,0,0
2119251143,515,189125,2026-04-23T13:47:54.468,0,7.2,7.2,7.75,0,2,1,6,0,189125,0,0,,,,0,0,0
2119251143,516,189253,2026-04-23T13:47:54.596,0,7.2,7.2,7.87,0,2,1,7,0,189253,0,0,,,,0,0,0
2119251143,517,189380,2026-04-23T13:47:54.725,0,7.2,7.2,7.81,0,2,1,8,0,189380,0,0,,,,0,0,0
2119251143,518,189509,2026-04-23T13:47:54.865,0,7.2,7.2,7.75,0,2,1,9,0,189509,0,0,,,,0,0,0
2119251143,519,189638,2026-04-23T13:47:55.013,0,7.2,7.2,7.75,0,2,1,10,0,189638,0,0,,,,0,0,0
2119251143,520,189766,2026-04-23T13:47:55.109,0,7.2,7.2,7.81,0,2,1,11,0,189766,0,0,,,,0,0,0
2119251143,521,189893,2026-04-23T13:47:55.240,0,7.2,7.2,7.87,0,2,1,12,0,189893,0,0,,,,0,0,0
2119251143,522,190021,2026-04-23T13:47:55.383,0,7.2,7.2,7.81,0,2,1,13,0,190021,0,0,,,,0,0,0
2119251143,523,190147,2026-04-23T13:47:55.492,0,7.3,7.2,8.0,0,2,1,14,0,190147,0,0,,,,0,0,0
2119251143,524,190273,2026-04-23T13:47:55.634,0,7.2,7.2,7.87,0,2,1,15,0,190273,0,0,,,,0,0,0
2119251143,525,190399,2026-04-23T13:47:55.800,0,7.2,7.2,8.0,0,2,1,16,0,190399,0,0,,,,0,0,0
2119251143,526,190525,2026-04-23T13:47:55.869,0,7.2,7.2,7.94,0,2,1,17,0,190525,0,0,,,,0,0,0
2119251143,527,190652,2026-04-23T13:47:56.016,0,7.3,7.2,7.81,0,2,1,18,0,190652,0,0,,,,0,0,0
2119251143,528,190778,2026-04-23T13:47:56.133,0,7.2,7.2,8.0,0,2,1,19,0,190778,0,0,,,,0,0,0
2119251143,529,190905,2026-04-23T13:47:56.251,0,7.2,7.2,7.81,0,2,1,20,0,190905,0,0,,,,0,0,0
2119251143,530,191033,2026-04-23T13:47:56.375,0,7.2,7.2,7.87,0,2,1,21,0,191033,0,0,,,,0,0,0
2119251143,531,191161,2026-04-23T13:47:56.503,0,6.9,7.2,7.75,0,2,1,22,0,191161,0,0,,,,0,0,0
2119251143,532,191290,2026-04-23T13:47:56.641,0,28.5,7.2,7.75,0,2,1,23,0,191290,0,0,,,,0,0,0
2119251143,533,191417,2026-04-23T13:47:56.768,0,26.0,7.2,7.87,0,2,1,24,0,191417,0,0,,,,0,0,0
2119251143,534,191546,2026-04-23T13:47:56.934,0,,7.2,0.0,4,2,1,0,1,191417,0,0,,,,0,3,0
2119251143,535,191687,2026-04-23T13:47:57.040,0,,7.2,0.0,4,2,1,0,2,191417,0,0,,,,0,3,0
2119251143,536,191828,2026-04-23T13:47:57.176,0,,7.2,0.0,4,2,1,0,3,191417,0,0,,,,0,3,0
2119251143,537,191968,2026-04-23T13:47:57.329,0,,7.2,0.0,4,2,1,0,4,191417,0,0,,,,0,3,0
2119251143,538,192106,2026-04-23T13:47:57.462,0,521.2,7.2,1.45,0,1,1,1,0,192106,0,0,,,,0,0,0
2119251143,539,192237,2026-04-23T13:47:57.575,0,521.3,7.2,7.69,0,2,1,2,0,192237,0,0,,,,0,0,0
2119251143,540,192471,2026-04-23T13:47:57.816,0,522.2,522.2,4.26,0,2,1,3,0,192471,0,0,,,,0,0,0
2119251143,541,192867,2026-04-23T13:47:58.254,0,521.1,522.2,2.53,0,2,1,4,0,192867,0,0,,,,0,0,0
2119251143,542,193500,2026-04-23T13:47:58.850,0,520.7,522.2,1.58,0,2,1,5,0,193500,0,0,,,,0,0,0
2119251143,543,194510,2026-04-23T13:47:59.868,0,,522.2,1.58,1,2,1,0,1,193500,0,0,,,,0,0,0
2119251143,544,194656,2026-04-23T13:48:00.014,0,,522.2,1.58,1,2,1,0,2,193500,0,0,,,,0,0,0
2119251143,545,194801,2026-04-23T13:48:00.156,0,521.7,522.075,0.77,0,1,1,1,0,194801,0,0,,,,0,0,0
2119251143,546,195190,2026-04-23T13:48:00.542,0,7.1,522.075,2.57,0,2,1,2,0,195190,0,0,,,,0,0,0
2119251143,547,195318,2026-04-23T13:48:00.666,0,7.1,522.075,7.81,0,2,1,3,0,195318,0,0,,,,0,0,0
2119251143,548,195449,2026-04-23T13:48:00.804,0,7.1,522.075,7.58,0,2,1,4,0,195449,0,0,,,,0,0,0
2119251143,549,195581,2026-04-23T13:48:00.935,0,7.1,522.075,7.58,0,2,1,5,0,195581,0,0,,,,0,0,0
2119251143,550,195713,2026-04-23T13:48:01.148,0,7.1,7.1,7.58,0,2,1,6,0,195713,0,0,,,,0,0,0
2119251143,551,195842,2026-04-23T13:48:01.251,0,7.2,7.1,7.81,0,2,1,7,0,195842,0,0,,,,0,0,0
2119251143,552,195967,2026-04-23T13:48:01.318,0,7.2,7.1,7.94,0,2,1,8,0,195967,0,0,,,,0,0,0
2119251143,553,196094,2026-04-23T13:48:01.456,0,7.1,7.1,7.94,0,2,1,9,0,196094,0,0,,,,0,0,0
2119251143,554,196221,2026-04-23T13:48:01.662,0,7.1,7.1,7.81,0,2,1,10,0,196221,0,0,,,,0,0,0
2119251143,555,196349,2026-04-23T13:48:01.764,0,7.0,7.1,7.81,0,2,1,11,0,196349,0,0,,,,0,0,0
2119251143,556,196475,2026-04-23T13:48:01.968,0,7.0,7.1,7.94,0,2,1,12,0,196475,0,0,,,,0,0,0
2119251143,557,196601,2026-04-23T13:48:02.174,0,7.0,7.075,7.94,0,2,1,13,0,196601,0,0,,,,0,0,0
2119251143,558,196727,2026-04-23T13:48:02.297,0,7.1,7.056,8.0,0,2,1,14,0,196727,0,0,,,,0,0,0
2119251143,559,196853,2026-04-23T13:48:02.297,0,7.1,7.042,7.94,0,2,1,15,0,196853,0,0,,,,0,0,0
2119251143,560,196978,2026-04-23T13:48:02.481,0,7.1,7.057,7.94,0,2,1,16,0,196978,0,0,,,,0,0,0
2119251143,561,197104,2026-04-23T13:48:02.481,0,7.1,7.067,7.94,0,2,1,17,0,197104,0,0,,,,0,0,0
2119251143,562,197229,2026-04-23T13:48:02.684,0,7.0,7.076,8.0,0,2,1,18,0,197229,0,0,,,,0,0,0
2119251143,563,197357,2026-04-23T13:48:02.891,0,7.1,7.082,7.81,0,2,1,19,0,197357,0,0,,,,0,0,0
2119251143,564,197482,2026-04-23T13:48:02.961,0,7.1,7.086,8.0,0,2,1,20,0,197482,0,0,,,,0,0,0
2119251143,565,197608,2026-04-23T13:48:02.962,0,7.1,7.09,7.94,0,2,1,21,0,197608,0,0,,,,0,0,0
2119251143,566,197733,2026-04-23T13:48:03.095,0,7.1,7.092,8.0,0,2,1,22,0,197733,0,0,,,,0,0,0
2119251143,567,197861,2026-04-23T13:48:03.298,0,7.1,7.094,7.81,0,2,1,23,0,197861,0,0,,,,0,0,0
2119251143,568,197989,2026-04-23T13:48:03.400,0,28.1,7.094,7.81,0,2,1,24,0,197989,0,0,,,,0,0,0
2119251143,569,198115,2026-04-23T13:48:03.478,0,25.6,7.094,7.94,0,2,1,25,0,198115,0,0,,,,0,0,0
2119251143,570,198241,2026-04-23T13:48:03.708,0,,7.094,0.0,4,2,1,0,1,198115,0,0,,,,0,3,0
2119251143,571,198379,2026-04-23T13:48:03.780,0,,7.094,0.0,4,2,1,0,2,198115,0,0,,,,0,3,0
2119251143,572,198516,2026-04-23T13:48:03.912,0,,7.094,0.0,4,2,1,0,3,198115,0,0,,,,0,3,0
2119251143,573,198654,2026-04-23T13:48:04.117,0,,7.094,0.0,4,2,1,0,4,198115,0,0,,,,0,3,0
2119251143,574,198848,2026-04-23T13:48:04.220,0,629.9,7.094,1.36,0,1,1,1,0,198848,0,0,,,,0,0,0
2119251143,575,199463,2026-04-23T13:48:04.811,0,565.0,7.094,1.63,0,2,1,2,0,199463,0,0,,,,0,0,0
2119251143,576,200337,2026-04-23T13:48:05.711,0,629.1,629.1,1.15,0,2,1,3,0,200337,0,0,,,,0,0,0
2119251143,577,201345,2026-04-23T13:48:06.702,0,,629.1,1.15,1,2,1,0,1,200337,0,0,,,,0,0,0
2119251143,578,201490,2026-04-23T13:48:06.880,0,,629.1,1.15,1,2,1,0,2,200337,0,0,,,,0,0,0
2119251143,579,201637,2026-04-23T13:48:07.090,0,630.1,629.1,0.77,0,1,1,1,0,201637,0,0,,,,0,0,0
2119251143,580,202638,2026-04-23T13:48:08.010,0,,629.1,0.77,1,1,1,0,1,201637,0,0,,,,0,0,0
2119251143,581,202779,2026-04-23T13:48:08.214,0,521.0,629.1,0.88,0,1,1,1,0,202779,0,0,,,,0,0,0
2119251143,582,203796,2026-04-23T13:48:09.237,0,,629.1,0.88,1,1,1,0,1,202779,0,0,,,,0,0,0
2119251143,583,203936,2026-04-23T13:48:09.340,0,,629.1,0.88,1,1,1,0,2,202779,0,0,,,,0,0,0
2119251143,584,204076,2026-04-23T13:48:09.546,0,522.0,629.1,0.77,0,1,1,1,0,204076,0,0,,,,0,0,0
2119251143,585,204586,2026-04-23T13:48:09.954,0,7.1,629.1,1.96,0,2,1,2,0,204586,0,0,,,,0,0,0
2119251143,586,204715,2026-04-23T13:48:10.161,0,6.8,629.1,7.81,0,2,1,3,0,204715,0,0,,,,0,0,0
2119251143,587,204845,2026-04-23T13:48:10.230,0,6.7,6.7,7.63,0,2,1,4,0,204845,0,0,,,,0,0,0
2119251143,588,204971,2026-04-23T13:48:10.364,0,7.1,6.7,7.94,0,2,1,5,0,204971,0,0,,,,0,0,0
2119251143,589,205097,2026-04-23T13:48:10.466,0,7.1,6.7,7.94,0,2,1,6,0,205097,0,0,,,,0,0,0
2119251143,590,205223,2026-04-23T13:48:10.674,0,7.1,6.8,8.0,0,2,1,7,0,205223,0,0,,,,0,0,0
2119251143,591,205350,2026-04-23T13:48:10.774,0,7.1,6.875,7.81,0,2,1,8,0,205350,0,0,,,,0,0,0
2119251143,592,205476,2026-04-23T13:48:10.979,0,7.1,6.931,7.94,0,2,1,9,0,205476,0,0,,,,0,0,0
2119251143,593,205602,2026-04-23T13:48:11.082,0,7.0,6.973,8.0,0,2,1,10,0,205602,0,0,,,,0,0,0
2119251143,594,205727,2026-04-23T13:48:11.286,0,7.1,7.005,7.94,0,2,1,11,0,205727,0,0,,,,0,0,0
2119251143,595,205853,2026-04-23T13:48:11.388,0,7.1,7.029,8.0,0,2,1,12,0,205853,0,0,,,,0,0,0
2119251143,596,205978,2026-04-23T13:48:11.388,0,7.1,7.047,7.94,0,2,1,13,0,205978,0,0,,,,0,0,0
2119251143,597,206104,2026-04-23T13:48:11.602,0,7.1,7.06,7.94,0,2,1,14,0,206104,0,0,,,,0,0,0
2119251143,598,206230,2026-04-23T13:48:11.696,0,7.1,7.07,8.0,0,2,1,15,0,206230,0,0,,,,0,0,0
2119251143,599,206356,2026-04-23T13:48:11.798,0,7.1,7.077,7.87,0,2,1,16,0,206356,0,0,,,,0,0,0
2119251143,600,206481,2026-04-23T13:48:12.002,0,7.1,7.083,8.0,0,2,1,17,0,206481,0,0,,,,0,0,0
2119251143,601,206607,2026-04-23T13:48:12.107,0,7.1,7.087,7.94,0,2,1,18,0,206607,0,0,,,,0,0,0
2119251143,602,206733,2026-04-23T13:48:12.107,0,7.1,7.09,8.0,0,2,1,19,0,206733,0,0,,,,0,0,0
2119251143,603,206860,2026-04-23T13:48:12.309,0,7.1,7.093,7.81,0,2,1,20,0,206860,0,0,,,,0,0,0
2119251143,604,206988,2026-04-23T13:48:12.514,0,7.0,7.095,7.81,0,2,1,21,0,206988,0,0,,,,0,0,0
2119251143,605,207114,2026-04-23T13:48:12.618,0,7.0,7.096,7.94,0,2,1,22,0,207114,0,0,,,,0,0,0
2119251143,606,207240,2026-04-23T13:48:12.619,0,7.0,7.072,8.0,0,2,1,23,0,207240,0,0,,,,0,0,0
2119251143,607,207366,2026-04-23T13:48:12.720,0,7.0,7.054,7.94,0,2,1,24,0,207366,0,0,,,,0,0,0
2119251143,608,207493,2026-04-23T13:48:12.933,0,7.0,7.04,7.81,0,2,1,25,0,207493,0,0,,,,0,0,0
2119251143,609,207621,2026-04-23T13:48:13.003,0,6.9,7.03,7.87,0,2,1,26,0,207621,0,0,,,,0,0,0
2119251143,610,207746,2026-04-23T13:48:13.231,0,3.9,7.023,7.94,0,2,1,27,0,207746,0,0,,,,0,0,0
2119251143,611,207872,2026-04-23T13:48:13.299,0,,7.023,0.0,4,2,1,0,1,207746,0,0,,,,0,3,0
2119251143,612,208010,2026-04-23T13:48:13.435,0,,7.023,0.0,4,2,1,0,2,207746,0,0,,,,0,3,0
2119251143,613,208147,2026-04-23T13:48:13.642,0,,7.023,0.0,4,2,1,0,3,207746,0,0,,,,0,3,0
2119251143,614,208285,2026-04-23T13:48:13.743,0,,7.023,0.0,4,2,1,0,4,207746,0,0,,,,0,3,0
2119251143,615,208424,2026-04-23T13:48:13.846,0,,7.023,0.0,4,3,1,0,5,207746,0,0,,,,0,3,0
2119251143,616,208828,2026-04-23T13:48:14.175,0,,7.023,0.0,4,3,1,0,6,207746,0,0,,,,0,3,0
2119251143,617,209852,2026-04-23T13:48:15.279,0,,7.023,0.0,1,3,1,0,7,207746,0,0,,,,0,3,0
2119251143,618,209990,2026-04-23T13:48:15.484,0,,7.023,0.0,1,3,1,0,8,207746,0,0,,,,0,3,0
2119251143,619,210125,2026-04-23T13:48:15.586,0,,7.023,0.0,1,3,1,0,9,207746,0,0,,,,0,3,0
2119251143,620,210260,2026-04-23T13:48:15.690,0,,7.023,0.0,1,3,1,0,10,207746,0,0,,,,0,3,0
2119251143,621,210396,2026-04-23T13:48:15.894,0,,7.023,0.0,1,3,1,0,11,207746,0,0,,,,0,3,0
2119251143,622,210531,2026-04-23T13:48:15.997,0,,7.023,0.0,1,3,1,0,12,207746,0,0,,,,0,3,0
2119251143,623,210667,2026-04-23T13:48:16.201,0,,7.023,0.0,4,3,1,0,13,207746,0,0,,,,0,3,0
2119251143,624,211677,2026-04-23T13:48:17.124,0,,7.023,0.0,1,3,1,0,14,207746,1,0,,,,0,3,0
2119251143,625,211815,2026-04-23T13:48:17.225,0,,7.023,0.0,1,3,1,0,15,207746,1,0,,,,0,3,0
2119251143,626,211951,2026-04-23T13:48:17.429,0,521.8,7.023,7.94,0,1,1,1,0,211951,0,0,,,,0,0,0
2119251143,627,212500,2026-04-23T13:48:17.943,0,521.6,7.023,1.82,0,2,1,2,0,212500,0,0,,,,0,0,0
2119251143,628,212889,2026-04-23T13:48:18.249,0,521.6,7.023,2.57,0,2,1,3,0,212889,0,0,,,,0,0,0
2119251143,629,213302,2026-04-23T13:48:18.659,0,520.9,7.023,2.42,0,2,1,4,0,213302,0,0,,,,0,0,0
2119251143,630,213694,2026-04-23T13:48:19.069,0,521.2,521.2,2.56,0,2,1,5,0,213694,0,0,,,,0,0,0
2119251143,631,214089,2026-04-23T13:48:19.479,0,520.8,521.2,2.53,0,2,1,6,0,214089,0,0,,,,0,0,0
2119251143,632,214484,2026-04-23T13:48:19.889,0,520.2,521.2,2.53,0,2,1,7,0,214484,0,0,,,,0,0,0
2119251143,633,215494,2026-04-23T13:48:20.913,0,,521.2,2.53,1,2,1,0,1,214484,0,0,,,,0,0,0
2119251143,634,215639,2026-04-23T13:48:21.015,0,,521.2,2.53,1,2,1,0,2,214484,0,0,,,,0,0,0
2119251143,635,215784,2026-04-23T13:48:21.154,0,521.2,521.2,0.77,0,1,1,1,0,215784,0,0,,,,0,0,0
2119251143,636,216088,2026-04-23T13:48:21.526,0,6.9,521.2,3.3,0,2,1,2,0,216088,0,0,,,,0,0,0
2119251143,637,216215,2026-04-23T13:48:21.631,0,6.9,521.2,7.81,0,2,1,3,0,216215,0,0,,,,0,0,0
2119251143,638,216344,2026-04-23T13:48:21.733,0,7.1,521.2,7.75,0,2,1,4,0,216344,0,0,,,,0,0,0
2119251143,639,216473,2026-04-23T13:48:21.833,0,7.1,521.2,7.81,0,2,1,5,0,216473,0,0,,,,0,0,0
2119251143,640,216603,2026-04-23T13:48:22.038,0,7.1,7.1,7.63,0,2,1,6,0,216603,0,0,,,,0,0,0
2119251143,641,216729,2026-04-23T13:48:22.141,0,7.1,7.1,7.94,0,2,1,7,0,216729,0,0,,,,0,0,0
2119251143,642,216854,2026-04-23T13:48:22.345,0,7.1,7.1,8.0,0,2,1,8,0,216854,0,0,,,,0,0,0
2119251143,643,216980,2026-04-23T13:48:22.551,0,7.1,7.1,7.94,0,2,1,9,0,216980,0,0,,,,0,0,0
2119251143,644,217106,2026-04-23T13:48:22.652,0,7.0,7.1,7.94,0,2,1,10,0,217106,0,0,,,,0,0,0
2119251143,645,217232,2026-04-23T13:48:22.653,0,7.0,7.1,7.94,0,2,1,11,0,217232,0,0,,,,0,0,0
2119251143,646,217358,2026-04-23T13:48:22.726,0,7.1,7.1,7.94,0,2,1,12,0,217358,0,0,,,,0,0,0
2119251143,647,217484,2026-04-23T13:48:22.857,0,7.1,7.1,7.94,0,2,1,13,0,217484,0,0,,,,0,0,0
2119251143,648,217613,2026-04-23T13:48:23.062,0,7.1,7.1,7.75,0,2,1,14,0,217613,0,0,,,,0,0,0
2119251143,649,217740,2026-04-23T13:48:23.164,0,7.0,7.1,7.87,0,2,1,15,0,217740,0,0,,,,0,0,0
2119251143,650,217866,2026-04-23T13:48:23.368,0,7.0,7.1,7.94,0,2,1,16,0,217866,0,0,,,,0,0,0
2119251143,651,217992,2026-04-23T13:48:23.471,0,7.0,7.075,8.0,0,2,1,17,0,217992,0,0,,,,0,0,0
2119251143,652,218117,2026-04-23T13:48:23.575,0,7.0,7.056,7.94,0,2,1,18,0,218117,0,0,,,,0,0,0
2119251143,653,218243,2026-04-23T13:48:23.710,0,27.6,7.056,7.94,0,2,1,19,0,218243,0,0,,,,0,0,0
2119251143,654,218369,2026-04-23T13:48:23.881,0,,7.056,0.0,4,2,1,0,1,218243,0,0,,,,0,3,0
2119251143,655,218507,2026-04-23T13:48:23.984,0,,7.056,0.0,4,2,1,0,2,218243,0,0,,,,0,3,0
2119251143,656,218647,2026-04-23T13:48:24.101,0,,7.056,0.0,4,2,1,0,3,218243,0,0,,,,0,3,0
2119251143,657,218785,2026-04-23T13:48:24.290,0,,7.056,0.0,4,2,1,0,4,218243,0,0,,,,0,3,0
2119251143,658,218922,2026-04-23T13:48:24.394,0,,7.056,0.0,4,3,1,0,5,218243,0,0,,,,0,3,0
2119251143,659,219651,2026-04-23T13:48:24.993,0,,7.056,0.0,4,3,1,0,6,218243,0,0,,,,0,3,0
2119251143,660,220567,2026-04-23T13:48:25.916,0,521.5,7.056,7.94,0,1,1,1,0,220567,0,0,,,,0,0,0
2119251143,661,220970,2026-04-23T13:48:26.315,0,522.2,7.056,2.48,0,2,1,2,0,220970,0,0,,,,0,0,0
2119251143,662,221359,2026-04-23T13:48:26.704,0,521.8,7.056,2.57,0,2,1,3,0,221359,0,0,,,,0,0,0
2119251143,663,222040,2026-04-23T13:48:27.392,0,521.6,521.6,1.47,0,2,1,4,0,222040,0,0,,,,0,0,0
2119251143,664,222434,2026-04-23T13:48:27.874,0,521.2,521.6,2.54,0,2,1,5,0,222434,0,0,,,,0,0,0
2119251143,665,222828,2026-04-23T13:48:28.181,0,521.3,521.6,2.54,0,2,1,6,0,222828,0,0,,,,0,0,0
2119251143,666,223002,2026-04-23T13:48:28.386,0,,521.6,0.0,4,2,1,0,1,222828,0,0,,,,0,3,0
2119251143,667,223147,2026-04-23T13:48:28.591,0,,521.6,0.0,4,2,1,0,2,222828,0,0,,,,0,3,0
2119251143,668,223290,2026-04-23T13:48:28.806,0,,521.6,0.0,4,2,1,0,3,222828,0,0,,,,0,3,0
2119251143,669,223431,2026-04-23T13:48:29.002,0,,521.6,0.0,4,2,1,0,4,222828,0,0,,,,0,3,0
2119251143,670,223572,2026-04-23T13:48:29.205,0,,521.6,0.0,4,3,1,0,5,222828,0,0,,,,0,3,0
2119251143,671,223710,2026-04-23T13:48:29.206,0,3.4,521.6,1.13,0,1,1,1,0,223710,0,0,,,,0,0,0
2119251143,672,223839,2026-04-23T13:48:29.285,0,33.1,521.6,7.69,0,2,1,2,0,223839,0,0,,,,0,0,0
2119251143,673,223965,2026-04-23T13:48:29.512,0,7.2,521.6,7.94,0,2,1,3,0,223965,0,0,,,,0,0,0
2119251143,674,224093,2026-04-23T13:48:29.616,0,29.3,521.6,7.81,0,2,1,4,0,224093,0,0,,,,0,0,0
2119251143,675,224223,2026-04-23T13:48:29.616,0,6.0,6.0,7.69,0,2,1,5,0,224223,0,0,,,,0,0,0
2119251143,676,224348,2026-04-23T13:48:29.718,0,6.2,6.0,8.0,0,2,1,6,0,224348,0,0,,,,0,0,0
2119251143,677,224477,2026-04-23T13:48:29.924,0,7.1,6.0,7.75,0,2,1,7,0,224477,0,0,,,,0,0,0
2119251143,678,224605,2026-04-23T13:48:30.127,0,7.1,6.05,7.81,0,2,1,8,0,224605,0,0,,,,0,0,0
2119251143,679,224731,2026-04-23T13:48:30.331,0,7.1,6.313,8.0,0,2,1,9,0,224731,0,0,,,,0,0,0
2119251143,680,224856,2026-04-23T13:48:30.331,0,7.1,6.509,7.94,0,2,1,10,0,224856,0,0,,,,0,0,0
2119251143,681,224984,2026-04-23T13:48:30.538,0,7.1,6.657,7.87,0,2,1,11,0,224984,0,0,,,,0,0,0
2119251143,682,225109,2026-04-23T13:48:30.741,0,7.1,6.768,7.94,0,2,1,12,0,225109,0,0,,,,0,0,0
2119251143,683,225235,2026-04-23T13:48:30.742,0,7.2,6.851,7.94,0,2,1,13,0,225235,0,0,,,,0,0,0
2119251143,684,225360,2026-04-23T13:48:30.947,0,7.2,6.913,8.0,0,2,1,14,0,225360,0,0,,,,0,0,0
2119251143,685,225486,2026-04-23T13:48:30.948,0,7.1,6.96,7.94,0,2,1,15,0,225486,0,0,,,,0,0,0
2119251143,686,225612,2026-04-23T13:48:31.151,0,7.1,6.995,7.94,0,2,1,16,0,225612,0,0,,,,0,0,0
2119251143,687,225738,2026-04-23T13:48:31.254,0,7.1,7.021,8.0,0,2,1,17,0,225738,0,0,,,,0,0,0
2119251143,688,225864,2026-04-23T13:48:31.254,0,7.1,7.041,7.87,0,2,1,18,0,225864,0,0,,,,0,0,0
2119251143,689,225990,2026-04-23T13:48:31.458,0,7.1,7.056,8.0,0,2,1,19,0,225990,0,0,,,,0,0,0
2119251143,690,226118,2026-04-23T13:48:31.663,0,7.1,7.067,7.75,0,2,1,20,0,226118,0,0,,,,0,0,0
2119251143,691,226244,2026-04-23T13:48:31.738,0,7.1,7.075,8.0,0,2,1,21,0,226244,0,0,,,,0,0,0
2119251143,692,226369,2026-04-23T13:48:31.740,0,7.1,7.081,7.94,0,2,1,22,0,226369,0,0,,,,0,0,0
2119251143,693,226495,2026-04-23T13:48:31.870,0,7.1,7.086,7.94,0,2,1,23,0,226495,0,0,,,,0,0,0
2119251143,694,226623,2026-04-23T13:48:32.073,0,7.1,7.089,7.81,0,2,1,24,0,226623,0,0,,,,0,0,0
2119251143,695,226749,2026-04-23T13:48:32.175,0,7.0,7.092,8.0,0,2,1,25,0,226749,0,0,,,,0,0,0
2119251143,696,226874,2026-04-23T13:48:32.244,0,6.9,7.094,7.94,0,2,1,26,0,226874,0,0,,,,0,0,0
2119251143,697,227000,2026-04-23T13:48:32.379,0,28.4,7.094,7.94,0,2,1,27,0,227000,0,0,,,,0,0,0
2119251143,698,227129,2026-04-23T13:48:32.586,0,,7.094,0.0,4,2,1,0,1,227000,0,0,,,,0,3,0
2119251143,699,227268,2026-04-23T13:48:32.655,0,,7.094,0.0,4,2,1,0,2,227000,0,0,,,,0,3,0
2119251143,700,227406,2026-04-23T13:48:32.790,0,,7.094,0.0,4,2,1,0,3,227000,0,0,,,,0,3,0
2119251143,701,227545,2026-04-23T13:48:32.907,0,,7.094,0.0,4,2,1,0,4,227000,0,0,,,,0,3,0
2119251143,702,227685,2026-04-23T13:48:33.097,0,,7.094,0.0,4,3,1,0,5,227000,0,0,,,,0,3,0
2119251143,703,227823,2026-04-23T13:48:33.170,0,521.2,7.094,1.22,0,1,1,1,0,227823,0,0,,,,0,0,0
2119251143,704,227949,2026-04-23T13:48:33.404,0,521.0,7.094,7.94,0,2,1,2,0,227949,0,0,,,,0,0,0
2119251143,705,228073,2026-04-23T13:48:33.506,0,521.5,7.094,8.13,0,2,1,3,0,228073,0,0,,,,0,0,0
2119251143,706,228396,2026-04-23T13:48:33.814,0,521.6,521.6,3.09,0,2,1,4,0,228396,0,0,,,,0,0,0
2119251143,707,229406,2026-04-23T13:48:34.840,0,,521.6,3.09,1,2,1,0,1,228396,0,0,,,,0,0,0
2119251143,708,229550,2026-04-23T13:48:34.909,0,,521.6,3.09,1,2,1,0,2,228396,0,0,,,,0,0,0
2119251143,709,229694,2026-04-23T13:48:35.146,0,522.6,521.6,0.77,0,1,1,1,0,229694,0,0,,,,0,0,0
2119251143,710,230166,2026-04-23T13:48:35.557,0,7.0,521.6,2.12,0,2,1,2,0,230166,0,0,,,,0,0,0
2119251143,711,230296,2026-04-23T13:48:35.759,0,7.0,521.6,7.75,0,2,1,3,0,230296,0,0,,,,0,0,0
2119251143,712,230424,2026-04-23T13:48:35.862,0,7.0,521.6,7.75,0,2,1,4,0,230424,0,0,,,,0,0,0
2119251143,713,230553,2026-04-23T13:48:35.964,0,7.1,521.6,7.81,0,2,1,5,0,230553,0,0,,,,0,0,0
2119251143,714,230681,2026-04-23T13:48:36.056,0,7.1,7.1,7.75,0,2,1,6,0,230681,0,0,,,,0,0,0
2119251143,715,230807,2026-04-23T13:48:36.177,0,7.1,7.1,7.94,0,2,1,7,0,230807,0,0,,,,0,0,0
2119251143,716,230933,2026-04-23T13:48:36.281,0,7.0,7.1,8.0,0,2,1,8,0,230933,0,0,,,,0,0,0
2119251143,717,231060,2026-04-23T13:48:36.475,0,7.1,7.1,7.81,0,2,1,9,0,231060,0,0,,,,0,0,0
2119251143,718,231186,2026-04-23T13:48:36.578,0,7.0,7.1,7.94,0,2,1,10,0,231186,0,0,,,,0,0,0
2119251143,719,231312,2026-04-23T13:48:36.784,0,7.1,7.1,7.94,0,2,1,11,0,231312,0,0,,,,0,0,0
2119251143,720,231438,2026-04-23T13:48:36.856,0,7.1,7.1,8.0,0,2,1,12,0,231438,0,0,,,,0,0,0
2119251143,721,231564,2026-04-23T13:48:37.090,0,7.1,7.1,7.94,0,2,1,13,0,231564,0,0,,,,0,0,0
2119251143,722,231689,2026-04-23T13:48:37.192,0,7.1,7.1,7.94,0,2,1,14,0,231689,0,0,,,,0,0,0
2119251143,723,231815,2026-04-23T13:48:37.193,0,7.1,7.1,7.94,0,2,1,15,0,231815,0,0,,,,0,0,0
2119251143,724,231941,2026-04-23T13:48:37.295,0,7.0,7.1,7.94,0,2,1,16,0,231941,0,0,,,,0,0,0
2119251143,725,232069,2026-04-23T13:48:37.502,0,7.0,7.1,7.87,0,2,1,17,0,232069,0,0,,,,0,0,0
2119251143,726,232195,2026-04-23T13:48:37.575,0,7.0,7.075,7.87,0,2,1,18,0,232195,0,0,,,,0,0,0
2119251143,727,232321,2026-04-23T13:48:37.705,0,7.0,7.056,7.94,0,2,1,19,0,232321,0,0,,,,0,0,0
2119251143,728,232447,2026-04-23T13:48:37.911,0,6.8,7.042,8.0,0,2,1,20,0,232447,0,0,,,,0,0,0
2119251143,729,232572,2026-04-23T13:48:38.013,0,6.1,7.032,7.94,0,2,1,21,0,232572,0,0,,,,0,0,0
2119251143,730,232698,2026-04-23T13:48:38.089,0,3.2,6.974,7.94,0,2,1,22,0,232698,0,0,,,,0,0,0
2119251143,731,232824,2026-04-23T13:48:38.216,0,,6.974,0.0,4,2,1,0,1,232698,0,0,,,,0,3,0
2119251143,732,232962,2026-04-23T13:48:38.421,0,,6.974,0.0,4,2,1,0,2,232698,0,0,,,,0,3,0
2119251143,733,233100,2026-04-23T13:48:38.495,0,,6.974,0.0,4,2,1,0,3,232698,0,0,,,,0,3,0
2119251143,734,233238,2026-04-23T13:48:38.729,0,,6.974,0.0,4,2,1,0,4,232698,0,0,,,,0,3,0
2119251143,735,233375,2026-04-23T13:48:38.801,0,,6.974,0.0,4,3,1,0,5,232698,0,0,,,,0,3,0
2119251143,736,233511,2026-04-23T13:48:39.240,0,520.3,6.974,1.23,0,1,1,1,0,233511,0,0,,,,0,0,0
2119251143,737,233891,2026-04-23T13:48:39.445,0,520.8,6.974,2.63,0,2,1,2,0,233891,0,0,,,,0,0,0
2119251143,738,234278,2026-04-23T13:48:39.653,0,521.5,6.974,2.58,0,2,1,3,0,234278,0,0,,,,0,0,0
2119251143,739,234670,2026-04-23T13:48:40.059,0,521.6,6.974,2.55,0,2,1,4,0,234670,0,0,,,,0,0,0
2119251143,740,235063,2026-04-23T13:48:40.469,0,521.6,521.6,2.54,0,2,1,5,0,235063,0,0,,,,0,0,0
2119251143,741,235480,2026-04-23T13:48:40.880,0,520.5,521.6,2.4,0,2,1,6,0,235480,0,0,,,,0,0,0
2119251143,742,235875,2026-04-23T13:48:41.288,0,521.5,521.6,2.53,0,2,1,7,0,235875,0,0,,,,0,0,0
2119251143,743,236271,2026-04-23T13:48:41.618,0,521.5,521.575,2.53,0,2,1,8,0,236271,0,0,,,,0,0,0
2119251143,744,236445,2026-04-23T13:48:41.903,0,,521.575,0.0,4,2,1,0,1,236271,0,0,,,,0,3,0
2119251143,745,236588,2026-04-23T13:48:42.109,0,,521.575,0.0,4,2,1,0,2,236271,0,0,,,,0,3,0
2119251143,746,236729,2026-04-23T13:48:42.210,0,,521.575,0.0,4,2,1,0,3,236271,0,0,,,,0,3,0
2119251143,747,236870,2026-04-23T13:48:42.280,0,,521.575,0.0,4,2,1,0,4,236271,0,0,,,,0,3,0
2119251143,748,237010,2026-04-23T13:48:42.416,0,,521.575,0.0,4,3,1,0,5,236271,0,0,,,,0,3,0
2119251143,749,237152,2026-04-23T13:48:42.621,0,3.0,521.575,1.13,0,1,1,1,0,237152,0,0,,,,0,0,0
2119251143,750,237282,2026-04-23T13:48:42.636,0,32.8,521.575,7.75,0,2,1,2,0,237282,0,0,,,,0,0,0
2119251143,751,237408,2026-04-23T13:48:42.826,0,7.1,521.575,7.87,0,2,1,3,0,237408,0,0,,,,0,0,0
2119251143,752,237537,2026-04-23T13:48:42.928,0,7.1,521.575,7.75,0,2,1,4,0,237537,0,0,,,,0,0,0
2119251143,753,237666,2026-04-23T13:48:43.030,0,7.0,7.0,7.81,0,2,1,5,0,237666,0,0,,,,0,0,0
2119251143,754,237793,2026-04-23T13:48:43.235,0,5.8,7.0,7.81,0,2,1,6,0,237793,0,0,,,,0,0,0
2119251143,755,237921,2026-04-23T13:48:43.438,0,6.1,7.0,7.87,0,2,1,7,0,237921,0,0,,,,0,0,0
2119251143,756,238046,2026-04-23T13:48:43.542,0,6.6,6.9,7.94,0,2,1,8,0,238046,0,0,,,,0,0,0
2119251143,757,238172,2026-04-23T13:48:43.542,0,7.2,6.825,7.94,0,2,1,9,0,238172,0,0,,,,0,0,0
2119251143,758,238299,2026-04-23T13:48:43.746,0,7.1,6.769,7.94,0,2,1,10,0,238299,0,0,,,,0,0,0
2119251143,759,238425,2026-04-23T13:48:43.850,0,7.1,6.852,7.94,0,2,1,11,0,238425,0,0,,,,0,0,0
2119251143,760,238550,2026-04-23T13:48:43.919,0,7.1,6.914,7.94,0,2,1,12,0,238550,0,0,,,,0,0,0
2119251143,761,238676,2026-04-23T13:48:44.055,0,7.0,6.96,7.94,0,2,1,13,0,238676,0,0,,,,0,0,0
2119251143,762,238804,2026-04-23T13:48:44.258,0,7.0,6.995,7.81,0,2,1,14,0,238804,0,0,,,,0,0,0
2119251143,763,238930,2026-04-23T13:48:44.360,0,7.0,6.996,7.94,0,2,1,15,0,238930,0,0,,,,0,0,0
2119251143,764,239056,2026-04-23T13:48:44.435,0,7.0,6.997,7.94,0,2,1,16,0,239056,0,0,,,,0,0,0
2119251143,765,239181,2026-04-23T13:48:44.566,0,6.9,6.998,8.0,0,2,1,17,0,239181,0,0,,,,0,0,0
2119251143,766,239310,2026-04-23T13:48:44.668,0,6.7,6.998,7.75,0,2,1,18,0,239310,0,0,,,,0,0,0
2119251143,767,239438,2026-04-23T13:48:44.873,0,4.0,6.974,7.87,0,2,1,19,0,239438,0,0,,,,0,0,0
2119251143,768,239565,2026-04-23T13:48:45.078,0,,6.974,0.0,4,2,1,0,1,239438,0,0,,,,0,3,0
2119251143,769,239703,2026-04-23T13:48:45.180,0,,6.974,0.0,4,2,1,0,2,239438,0,0,,,,0,3,0
2119251143,770,239841,2026-04-23T13:48:45.384,0,,6.974,0.0,4,2,1,0,3,239438,0,0,,,,0,3,0
2119251143,771,239979,2026-04-23T13:48:45.486,0,,6.974,0.0,4,2,1,0,4,239438,0,0,,,,0,3,0
2119251143,772,240117,2026-04-23T13:48:45.486,0,,6.974,0.0,4,3,1,0,5,239438,0,0,,,,0,3,0
2119251143,773,240252,2026-04-23T13:48:45.693,0,520.3,6.974,1.23,0,1,1,1,0,240252,0,0,,,,0,0,0
2119251143,774,241015,2026-04-23T13:48:46.409,0,521.3,6.974,1.31,0,2,1,2,0,241015,0,0,,,,0,0,0
2119251143,775,241646,2026-04-23T13:48:47.024,0,521.2,6.974,1.58,0,2,1,3,0,241646,0,0,,,,0,0,0
2119251143,776,242060,2026-04-23T13:48:47.432,0,521.4,6.974,2.42,0,2,1,4,0,242060,0,0,,,,0,0,0
2119251143,777,242452,2026-04-23T13:48:47.843,0,521.3,521.3,2.54,0,2,1,5,0,242452,0,0,,,,0,0,0
2119251143,778,242847,2026-04-23T13:48:48.252,0,521.2,521.3,2.53,0,2,1,6,0,242847,0,0,,,,0,0,0
2119251143,779,243857,2026-04-23T13:48:49.275,0,,521.3,2.53,1,2,1,0,1,242847,0,0,,,,0,0,0
2119251143,780,244003,2026-04-23T13:48:49.379,0,,521.3,2.53,1,2,1,0,2,242847,0,0,,,,0,0,0
2119251143,781,244148,2026-04-23T13:48:49.583,0,522.2,521.3,0.77,0,1,1,1,0,244148,0,0,,,,0,0,0
2119251143,782,244449,2026-04-23T13:48:49.892,0,6.0,521.3,3.31,0,2,1,2,0,244449,0,0,,,,0,0,0
2119251143,783,244577,2026-04-23T13:48:50.096,0,6.7,521.3,7.81,0,2,1,3,0,244577,0,0,,,,0,0,0
2119251143,784,244705,2026-04-23T13:48:50.300,0,7.0,521.3,7.81,0,2,1,4,0,244705,0,0,,,,0,0,0
2119251143,785,244834,2026-04-23T13:48:50.300,0,7.0,521.3,7.81,0,2,1,5,0,244834,0,0,,,,0,0,0
2119251143,786,244962,2026-04-23T13:48:50.504,0,7.0,7.0,7.75,0,2,1,6,0,244962,0,0,,,,0,0,0
2119251143,787,245088,2026-04-23T13:48:50.607,0,7.0,7.0,7.94,0,2,1,7,0,245088,0,0,,,,0,0,0
2119251143,788,245214,2026-04-23T13:48:50.607,0,32.1,7.0,8.0,0,2,1,8,0,245214,0,0,,,,0,0,0
2119251143,789,245339,2026-04-23T13:48:50.709,0,7.1,7.0,7.94,0,2,1,9,0,245339,0,0,,,,0,0,0
2119251143,790,245465,2026-04-23T13:48:50.814,0,7.1,7.0,7.94,0,2,1,10,0,245465,0,0,,,,0,0,0
2119251143,791,245593,2026-04-23T13:48:51.017,0,7.0,7.0,7.87,0,2,1,11,0,245593,0,0,,,,0,0,0
2119251143,792,245720,2026-04-23T13:48:51.091,0,7.0,7.0,7.81,0,2,1,12,0,245720,0,0,,,,0,0,0
2119251143,793,245846,2026-04-23T13:48:51.203,0,7.0,7.0,7.94,0,2,1,13,0,245846,0,0,,,,0,0,0
2119251143,794,245976,2026-04-23T13:48:51.427,0,7.0,7.0,7.69,0,2,1,14,0,245976,0,0,,,,0,0,0
2119251143,795,246104,2026-04-23T13:48:51.498,0,7.0,7.0,7.87,0,2,1,15,0,246104,0,0,,,,0,0,0
2119251143,796,246229,2026-04-23T13:48:51.633,0,7.0,7.0,7.94,0,2,1,16,0,246229,0,0,,,,0,0,0
2119251143,797,246358,2026-04-23T13:48:51.735,0,7.0,7.0,7.75,0,2,1,17,0,246358,0,0,,,,0,0,0
2119251143,798,246484,2026-04-23T13:48:51.835,0,6.9,7.0,8.0,0,2,1,18,0,246484,0,0,,,,0,0,0
2119251143,799,246612,2026-04-23T13:48:52.041,0,6.9,7.0,7.81,0,2,1,19,0,246612,0,0,,,,0,0,0
2119251143,800,246737,2026-04-23T13:48:52.144,0,3.8,6.975,7.94,0,2,1,20,0,246737,0,0,,,,0,0,0
2119251143,801,246863,2026-04-23T13:48:52.347,0,25.9,6.975,7.94,0,2,1,21,0,246863,0,0,,,,0,0,0
2119251143,802,246989,2026-04-23T13:48:52.420,0,,6.975,0.0,4,2,1,0,1,246863,0,0,,,,0,3,0
2119251143,803,247127,2026-04-23T13:48:52.481,0,,6.975,0.0,4,2,1,0,2,246863,0,0,,,,0,3,0
2119251143,804,247265,2026-04-23T13:48:52.657,0,,6.975,0.0,4,2,1,0,3,246863,0,0,,,,0,3,0
2119251143,805,247406,2026-04-23T13:48:52.860,0,520.6,6.975,1.84,0,1,1,1,0,247406,0,0,,,,0,0,0
2119251143,806,248000,2026-04-23T13:48:53.371,0,520.6,6.975,1.68,0,2,1,2,0,248000,0,0,,,,0,0,0
2119251143,807,249005,2026-04-23T13:48:54.397,0,,6.975,1.68,1,2,1,0,1,248000,0,0,,,,0,0,0
2119251143,808,249148,2026-04-23T13:48:54.601,0,,6.975,1.68,1,2,1,0,2,248000,0,0,,,,0,0,0
2119251143,809,249290,2026-04-23T13:48:54.703,0,,6.975,1.68,1,2,1,0,3,248000,0,0,,,,0,0,0
2119251143,810,249430,2026-04-23T13:48:54.778,0,521.6,6.975,0.7,0,1,1,1,0,249430,0,0,,,,0,0,0
2119251143,811,250323,2026-04-23T13:48:55.728,0,523.5,523.5,1.12,0,2,1,2,0,250323,0,0,,,,0,0,0
2119251143,812,250716,2026-04-23T13:48:56.137,0,519.4,523.5,2.55,0,2,1,3,0,250716,0,0,,,,0,0,0
2119251143,813,251110,2026-04-23T13:48:56.547,0,521.4,523.5,2.53,0,2,1,4,0,251110,0,0,,,,0,0,0
2119251143,814,251504,2026-04-23T13:48:56.957,0,520.0,522.975,2.54,0,2,1,5,0,251504,0,0,,,,0,0,0
2119251143,815,251899,2026-04-23T13:48:57.263,0,521.1,522.506,2.54,0,2,1,6,0,251899,0,0,,,,0,0,0
